vote_id,yes,no,abstain
66e2e55e-85a8-4b05-9182-d37e232e5e43,205,1,0
1982f8d6-27c9-4f6b-a26f-191a3078d1c1,0,205,0
bbbe162d-bbaf-4a80-8688-58e4541e85c0,0,205,0
f60cd685-0d42-4b41-93be-39eb5c809845,0,203,0
6bff8d86-38e8-4bfe-80bd-8472b275a9f0,176,4,0
b0fcee43-a33b-4820-9873-c419f38848b0,180,2,0
9e877200-a166-4292-b08b-31d7e0e6f381,184,0,1
4a0c4fff-514c-469a-ba6f-5e596164d513,188,2,0
421bfa0f-56ce-47e0-bbdf-8c2c94640837,0,200,0
c564f866-4b34-4e70-8518-35af8a363162,0,200,0
4d6eb23e-68a1-4528-ae68-a6a070114c64,192,0,0
fa5a0f04-f9c4-4f88-bc23-9ce5cd6e2021,201,0,0
e2f007db-dc5a-480c-af24-a15a1e009204,185,0,0
9feece7a-29a1-4b05-9446-89b4b2a97f6f,183,0,0
82266b8e-27f4-4185-8205-79181781b297,0,184,0
b87017a3-3f05-4c47-b174-506fbfc34bc2,0,175,0
4f98ec86-5cbb-43ff-b58c-44c87efbb2f5,0,185,0
da424221-76f8-44ac-948b-c0f4369ae634,178,7,0
dec1ce40-701f-46da-b2d5-ad038a823afc,171,15,1
cccb42f7-b1dc-4091-82b0-9297e1851911,186,1,0
371b623a-fad6-42dd-96a1-5f4ba2dca354,0,187,0
a335c8b6-9e2c-4bb0-8fd2-e77ea0370fa0,178,0,1
be7f89b5-9343-4af3-87ff-34f0cbf2c9d2,179,1,0
ed54dcb6-38ce-4026-b90d-91e0dafc1e8f,0,181,0
7c19b215-c1c3-4281-9bf0-55cd32765b6e,178,0,0
a968031d-f143-479e-8d0d-eabf38d11943,187,0,0
1deebe44-92c3-4763-80fa-74caecc7257a,186,1,0
2b984bbd-e94e-4cc0-bfd4-5c740e615c9c,187,1,0
251d0d6e-7b63-4980-8fd5-014f79870a21,186,0,0
e44fc6cb-5192-4ad3-8389-6b78bcfa7617,0,187,0
694bbbb0-99fc-47b7-aa93-c052b662a1dc,0,186,0
5b5535de-0bcf-468d-9a0a-21a6f6a636c8,190,0,0
b9bf9ec8-2bcf-4d16-b470-f0ebe54a51f1,189,0,0
02c11156-f5b9-4478-bbb7-d03f022ef869,173,0,0
7339f71b-0bfd-4b6c-a5f9-70bf6851ccee,193,0,0
5219a954-22c5-4ad5-b2df-fee4cd3e1834,191,0,0
c0182e77-5630-4b0e-9952-30b378549b1f,187,4,0
4eb5a0e3-8bd1-48b6-a11e-6ef330ce2bdd,173,0,0
23abeb37-51b8-4eac-bab2-0581d9316094,179,0,2
90a9b6f3-925b-4e3d-a01b-1098b1a1f7c8,184,1,0
016df873-7687-4e59-acd3-d12e87b9a904,189,2,0
bd9ac801-bca1-4f44-8696-48a9711c93c8,185,0,0
f3f61f6a-bc6f-480a-ab24-9e8501e321bf,199,0,0
7ff91c94-8bcb-4e93-bb4e-952a67b03a90,178,4,0
2027435c-9a0f-4e1d-890d-f9168e25c386,176,2,0
ca60c64a-6458-4485-b15d-e55c5eb9803f,184,0,0
3a0214be-41c0-43e9-b4f6-12d2b26c9308,0,189,0
e5676e81-2d63-47b4-be20-20d4a65abac2,186,0,0
a7207afc-08d4-42c8-b4bb-6c2440fbbaee,0,189,0
9b5281ed-204d-4cd6-9d24-d2643af473eb,192,0,0
d20cf9d3-106f-4cab-b723-8487b94ce05a,0,190,2
64d4e832-afbe-4476-8b63-320867bccacc,191,0,0
4ce87593-7b35-4f5d-8a66-2315b4a84c4e,190,0,0
45f28eb6-0a77-4453-90fd-b3e82b4f2d70,184,0,0
39a82453-5aa2-4a1d-bbcb-8fba40c1ecf2,191,0,0
a6f7c82a-8569-41b6-a562-e6e1bc08597e,0,191,1
3f69e271-c1f5-46df-9985-8864293a28c1,0,190,0
3448fff9-82c4-4234-ae9d-3b4a549680bd,181,0,0
177f7c47-a3a5-47bc-8f24-e7968708aa6b,182,0,1
aed64ec3-56cc-4caa-a932-13d02734fbb4,0,187,0
6a3ff7bf-7d39-4e5d-ba92-7f82615b1b44,194,0,0
d569e397-b3d4-49de-8af5-d9e218724542,194,0,0
d271fac8-62fe-4390-a75e-af301e8cf44d,182,0,0
f66c02c9-fb04-46f9-8df5-c8a0b6590cd2,191,0,0
37b2627e-ec89-41d3-8f08-1ea1a15c4259,182,0,0
aa98a82b-697b-4622-8a0c-3a0c948d6b63,168,0,0
edc15e90-109b-4d8d-bd34-a23d29ca4d81,183,0,0
6ad520c4-060b-40bc-8dea-4f0890b77986,0,185,0
aab96cb1-8e7e-42e1-b2f8-515040e2ef0c,0,181,0
0786a678-e054-4710-bda7-21c77ef22dbb,0,183,0
13941fc6-cf8b-4d78-b394-2558d2a5951e,185,0,0
010ed835-1b58-4c9c-aa49-88d5a2b4011a,136,0,0
90505e4f-a02c-42da-9285-398bb5f222e9,188,0,2
89ec9452-5ea2-4e6e-a169-5e9958bee135,195,0,0
ff64fbb5-012c-4896-a83d-1bbca6002f93,0,185,1
adf24866-df99-4335-84ca-8a2146cea623,0,188,0
877a6da5-9edc-4fee-890b-7971b3b376f3,0,193,0
a2214771-6c93-4489-9c85-7015056b50cc,200,0,0
d5fa2a5e-cc89-483b-8cde-34c7e995834b,202,0,0
4cbac7b6-53a0-427e-8a78-f8c9d38b09d5,189,3,0
7fe401f2-ce82-4611-a434-230d6ccd17ad,0,187,0
690bfe84-d9ad-44bb-b5d4-3031f14dabe0,197,1,1
6d3ca23a-e54a-4276-8e4c-9a721b84bac7,126,61,6
9a76263c-dc4d-458b-a941-a499b0c3519b,62,128,6
efa266c4-9774-4f7b-9707-a59d8df168c6,170,0,0
ef6d7e4e-1fe9-47cc-83ce-c6524f8bf0b1,173,1,0
dfe044f9-14d3-4bcd-be94-be4ad7f4b82f,1,183,0
82a15006-32d8-4c29-9e2e-6b1657607aa3,194,0,0
b3d70b22-6a3e-405b-be67-5b55bf66503f,198,0,0
a3b38e97-c367-45eb-951f-9168e67f574f,193,0,0
dcfe9487-5bec-40b4-ac7e-5e266532917d,188,0,0
a8374def-fc7e-4800-bb1d-14d966ffad49,181,1,0
ce045a4d-260d-46c4-85bc-95d81ecd6ebe,188,2,0
d6a2e131-ef45-4c78-807b-d53492489a6b,191,0,1
c36b8cd3-07ea-40c2-84b3-c743971a6e8b,168,0,0
146c1fd0-044f-4b78-8f49-552ee1a32ce6,189,0,0
8ebfd7e2-0139-4415-939b-40dcd913d664,0,188,0
e2513da6-a4f8-4d5e-8ef3-67683163741d,193,0,0
b0bd72e3-b293-4c10-a1cd-8a118e0f6c9f,0,181,0
f01a0516-e6de-43a9-92c3-c68b110ec180,183,1,0
08b60bc1-2873-4be6-96a4-c3486f32ed58,0,186,0
135561cc-b277-4bff-85db-469561fc3aba,188,0,0
76da33c1-43e6-4952-a8f1-7c68cc61b41b,189,0,0
272ea93b-3760-43e4-8c03-f188de9bf2a0,189,0,0
43293c52-21c7-498d-b4ae-44ea68303169,191,0,0
f26bb20c-690d-4706-9223-b984c5c349b8,191,0,0
f04cf2a5-151c-41e4-8180-ddd1f879d40e,0,181,0
bf37d984-2dd9-419f-8c39-a6b8428f01da,0,187,0
92a9ab4f-2e68-46b0-9fc3-d8a714a5a95d,198,1,0
64e78766-388d-43ce-82a3-307ad71a9f11,182,2,0
678519b4-1e98-4d5e-9cc8-48c58cf212cd,196,2,1
dffff148-6a70-4c68-a872-8492ccd93a18,180,0,0
0c9df7d9-7614-4759-8f66-488eeb6dcf51,180,0,0
daf2d567-9345-46d5-ae0e-409d97a8300c,174,0,0
d667a7a8-3c25-431c-b93f-f0f68bcd219d,183,0,0
43218ca6-7c2a-49cf-95c9-0ea8c517c290,179,0,1
278f3021-01bf-4cf2-b918-a57c5b138c91,187,0,0
6c297f64-7a7b-4324-8a7c-800bfd5653ca,185,0,0
e863ae32-3a46-416c-b2ea-b54612aeb4ac,186,0,0
1f3fd37c-d98f-49ba-9fae-704470ae29a7,189,0,0
a2fae1c2-e440-426a-b2a5-f3ce6323ef1e,187,0,0
d1ff2ee3-2700-4622-963c-818bdf582976,191,0,0
73ab6f58-9a70-4d04-b6b3-8e777b52dc07,189,0,0
61b6501b-71cd-4fd6-a599-271a65585bfb,0,189,0
10ea03b3-a8e6-444d-8714-58552a4a9a1b,189,0,0
a40ded8c-2d06-4f1d-9ecc-b86b1dd099ca,182,0,2
523776c1-db3e-40b3-8185-14541e5533db,0,188,0
5bc233b7-d44b-4404-ae20-350a30691632,183,0,1
c45966a5-647c-47ea-b8b7-aca973d52222,0,187,0
fc7f36b9-bd9d-4eee-a211-6d3fe0b054ef,191,0,0
f6837d6e-c5f0-46f7-8423-1c340b03ea45,195,0,0
2f87f50e-0985-441b-bffa-dfd34af16874,196,0,0
4adfdaab-fec4-40c4-9ff0-a12fa3baca9b,194,0,0
90955d5b-458c-4947-a3c2-02cb6744b36d,183,1,3
4b60fb60-8b16-4d0f-9983-45d7d4e6ca55,0,190,0
08b4d1ae-286d-4e63-9311-fa75bdb7d374,194,0,0
d75faf21-1e0b-4c3a-a120-200480277401,182,0,0
46839e74-5466-4398-ae26-b23f9dec7152,0,183,0
0cc61e04-6098-4931-9d8a-a1fa629b9701,188,0,0
f9e8b63b-d42e-4964-99bc-7b00ce6bc12b,0,177,0
f1bad23f-9cd3-4b18-9664-6893b25eca22,188,0,0
adcd7e7e-58f3-4523-8847-9d7b1cabdf16,0,178,0
6efd47b7-992e-4443-8644-eac5b93045fb,0,182,0
dbbb4cb4-e3a4-4af2-bdab-357f3cc36e59,185,1,0
8f21277c-adfa-4750-8ffc-baa21cf99c5b,199,0,1
a7c8bc17-0801-4b10-b001-084739e5a5ea,179,1,0
9bacacfb-a41e-4ba1-80c3-015869a44e9c,180,1,0
ea8c636e-3e77-4dea-a4a6-4f2faf69bb0b,183,0,0
0a1b4411-4a35-46d0-b3b6-7e7f5c507162,0,181,0
e264258a-7124-4271-afd6-d13bf57c0619,0,183,0
6681fc56-cced-4357-a861-7dcf02b548dd,0,183,0
63c5b6ad-c216-4c1d-9e2f-dae0d37eaa3b,187,0,0
fa152ed3-6d29-432b-afb2-b7ca70ee5140,187,0,0
ff3a8e04-80ea-4bd7-bf09-9cc8946f52e7,186,0,0
f43f3e42-064a-4502-a363-a371e510f5f4,188,0,0
06743991-d339-4438-85cb-7385d087f7a3,187,0,0
2204aefc-9a6f-407b-87f6-8435520809ea,175,0,0
766f0bf3-1c67-4453-a646-264421f0ef75,187,9,1
15b49b54-bd78-4e59-a50e-eaeae6fbc2a4,0,198,0
ca059d5f-9c32-4a0b-b73d-7e42ab097de7,191,8,0
19bfc9a0-6066-416d-a32f-2aee136acd15,198,0,0
37691070-2271-487a-809a-628dfebfd1a5,197,0,0
a11a80a5-58e6-4b1b-a576-1d805ac502d7,198,0,0
ce81d038-e8af-4227-a657-828f0adccd85,193,0,0
40b8a6a2-d1ca-46b9-8c93-943c5dc663ff,188,1,0
e71f394f-c2ee-4da2-8ff0-a51651e5eef0,181,0,0
cee96bcb-c5dc-4cd6-87a9-a6cd5c3e3704,182,4,1
72e867ac-16a0-4215-b30f-6ac433879840,186,0,0
d383e4e1-7618-426b-95fc-1926b6d05eb7,185,0,0
3e234600-f345-42e6-95be-db7b78f01873,185,0,0
1537e306-3687-4254-ab8d-5a940b323d10,193,0,0
a8f9b527-6b5a-4a37-8d6e-c015fec4f48d,0,194,0
93dacfa1-ad8e-4767-bbcc-a7603cf2f70c,3,191,0
9deaf85e-6c0b-46e5-8007-88386afa6bdf,0,192,0
05ded506-a8fe-4cdf-b3bf-f858ea6a97d2,179,9,5
f22ac09b-e1a3-4b27-94b8-c34d849dff61,179,0,0
5c217b50-cd18-4cb7-a949-ce79bcf055be,173,1,0
f9b8fdc9-9115-443f-80da-b395fbbdf777,183,0,0
5cec1940-a915-4f88-bb6d-967826577dd7,0,182,0
28c9f964-b598-4a73-97af-dc5815889d19,186,3,0
4f6fc0a2-2243-441d-b6cb-636ccef0bb7c,188,0,0
103ec11c-04d5-43cd-b72f-8ecb1830b69a,191,0,0
661e523f-ccdc-4d7c-9001-9df905d510a3,0,196,0
ea05dffa-1140-4b9f-a206-87a4f67e131c,197,0,1
d3d36b42-bfcb-4fe2-bd31-55801ad431f4,0,193,0
aa6a0c2c-3f9e-497c-aae9-bb1370204182,194,0,0
9e7163aa-e487-4e1a-97d8-c0f2ed027d3b,134,2,0
e1bbe9ab-5ab5-40da-8820-cca5f8ef0997,131,2,0
9941bfbb-b165-4cff-81c8-e68d2ffff6b8,143,0,0
78b9ed44-76a6-4e01-8b52-f0b7366d6bca,133,0,0
b5791e2d-71a7-41cb-99d9-fa0d80fd7b9a,0,132,0
68e38bb5-60d5-4671-aba7-a8288b38e493,130,0,0
1b6031b2-2e69-455b-af9c-1c32b9d4c134,130,0,0
0f211809-06ce-4160-a90e-d7ae7f7a6a43,136,3,0
92d514e1-8282-4b9e-a55c-04e8ceb3b462,135,0,1
986799a6-4b4b-4fb0-8777-a6aba94e780b,119,1,0
a84d9d0e-a9e3-42f9-8bde-0ca835e871b2,138,0,0
72930e9e-7290-4706-83f8-d03f7bacbae7,1,128,0
d493922e-212b-4dad-a82e-f5e525af813e,134,0,0
a18a6983-f9da-4208-b1a0-02e42fe7a42f,123,5,3
d1ec90cd-5eb0-4bad-8393-1a2ca0f3c9f5,0,136,0
47233e70-298f-4cea-9641-688dd35159b1,1,138,1
6bd1879b-a55f-48b0-a8a1-1cb44c46b552,1,138,1
cd122786-df2d-4f35-a586-c03787512f99,139,1,0
bc841058-62f0-4ff7-967b-d43f9d60c73f,136,3,0
3643589a-3488-4ef3-b2bd-f3b50bbc8adb,138,2,0
54606c37-5aaf-4580-ba73-8c25a22b3fcc,0,128,0
f87d156d-a517-4ce6-a36a-1bf26c963ad9,136,1,1
faca61ee-d0cb-4eee-914d-60b73da530d4,0,141,0
8509377b-d299-4f37-b2e4-ed6c0fab0472,139,0,0
8355c460-743f-4c7b-a940-bf98a55e2344,0,141,0
2c3c70e2-0f4d-4345-a251-cca0188a066f,140,0,0
46486c9e-7dc0-49da-8472-31ef9756bef6,133,1,0
2c1111bd-321a-4b24-be80-38e3900a64a2,134,2,0
b77caf7b-c248-4554-bb93-b80c1d66c15e,135,2,3
d129cbc5-f034-4710-b02d-713cddbe5aae,0,139,0
2bf84bce-a06e-47fe-812b-683ced368b32,0,141,0
8237f983-fe63-4e78-b2c1-de3037b417d8,1,140,0
36a838cd-3fe8-42e2-9e56-908725f5a34b,1,140,0
d0c6da3f-75ae-4ea0-b82c-a35b1f6e659f,0,140,1
6471fa92-b7f9-4775-9a8b-bd87ac1b2683,133,0,0
eec706fa-161a-4806-903f-7a5296ed57f0,119,0,0
8f5cd596-a156-4678-8f71-d2cde9a2639f,126,7,2
b2be203e-f0be-4537-9ad5-3837510499e0,1,139,0
7ae7213b-d2e5-41f4-bb47-86c3dc3b1397,139,0,0
86ff0723-b4b4-4e48-9394-0e456a6330e5,144,0,1
a42daca6-f974-4bb6-ab37-b5794a953da9,135,3,1
b4c409b8-bbde-477a-a538-35d342c3231b,138,0,0
4da33e34-4c05-47a1-9aa7-163b753e3411,136,0,0
15dc73e9-d06b-4f29-8d9a-fdf7988644ee,0,131,0
ea5d8b9d-6c63-47a6-8c9b-6abce5ee40ce,135,0,0
64054def-28d7-420b-b695-69b6249007d5,127,0,0
1f035f2a-1a50-4681-b5bf-fe870c8f4fa4,131,0,0
92f07bb1-244d-414b-8423-f5d4fb7f87c7,132,0,0
8fd2cbbe-cbf0-44bd-973f-67e6b8e0ef9c,132,0,0
0eaa5d2a-a6e6-4b5c-8d9b-68a5e2262a00,140,0,0
71000a94-b5f4-4e08-a977-73c58a48e53a,142,0,0
9b50442a-9e53-4e7c-8d0d-d238139b3534,0,138,0
daf7e4c7-bfe7-42c0-b3a2-0a676efbf21c,138,0,0
b0ec1b9d-f3c1-487c-8203-1654b084a637,137,0,0
5489be2e-dc7d-457a-97ee-bed627260427,133,0,1
14a2656e-ea85-46a5-8a1f-3034a31ee364,0,137,0
62824036-9936-41fb-99c0-896d9114bb5c,0,137,0
0f2164ee-5bef-41e9-b542-08f2333b25f5,133,0,0
4ba16bae-638c-4a80-b912-2e9a2559f8e2,133,1,2
dd383ec1-ae1b-4d0b-9127-5c469ea52571,126,0,0
735b832f-b802-4480-a4f2-1d1a54c14822,0,138,0
c5e4b802-5329-4796-987d-ba009e2a5534,134,9,2
7b8dba01-6513-4ab1-b064-60da486bef7b,1,115,0
abc00782-b5e6-4c5c-81e0-ae534b23364b,121,0,0
4674aae4-7844-4d1c-ada3-4eb5a457840a,127,0,0
526d5113-dd93-4013-ba88-778dad709b91,135,0,0
45baf6b6-7c06-4c3d-9272-596d12ca8e40,3,122,1
fe7bd3a8-2d35-41a2-88c5-dad7f5b6b2b3,124,0,2
576c7567-8f07-4232-8b9b-014ea683a0d7,143,0,0
4962a834-8354-4411-8af0-7b05ea0dd640,134,0,0
d0f9e889-f85d-4957-b513-d071a0bae8b8,137,0,0
20ed7eed-84db-4310-be10-79e0394dc1a4,1,136,0
017494f8-acbe-4603-bc79-ee8745b98006,0,141,0
f519ada3-37d3-432b-9a0a-82369c9304ae,0,142,0
52c694aa-0383-4720-a383-ac900851eb32,144,0,0
3f089d7d-7310-4065-8be6-52b989e2762f,136,0,0
7430eedf-5fc9-4f4d-bb3d-bf3b6c84ea49,136,0,0
e0642be5-c9c6-48cc-9019-d681ee81a9da,144,0,0
0f637773-4432-4d69-b37f-d1921361f395,143,0,0
2f80672a-5187-4f61-adcb-b32a5232ed27,137,2,1
af33229b-066f-4f62-972a-c5265f70a72e,138,2,0
d3176afe-817b-4e53-90b3-1b7b8a5804af,139,2,0
655ca566-7ddb-49bf-bb7b-75a40f5a06f8,143,0,0
703f56a4-69a1-48ee-995e-678c8dfd6c58,144,0,0
f9e78a56-67d6-49d2-ba7f-666d21a71cd4,142,1,0
e511e348-ae74-4177-a60c-0eefdfc21b69,1,143,0
fec4815b-57b7-4e5a-9a0e-5fa7964945db,128,1,0
bdbed9de-d5c0-414c-8100-fe302535504c,128,0,0
602c6c48-4aab-464d-abf2-257f9c5d2fff,108,6,2
256c81be-029c-42ac-99ab-e107fa6694e5,112,2,1
26d635cc-5223-43d5-bffc-65c568e8c2d4,134,2,1
ba17b75e-7bc0-426c-937d-c5c410d243bf,0,139,0
2b343b86-4920-4db7-a1f2-4f0db100ab22,0,137,0
f334d926-4395-4174-a6be-2d17376b65a6,137,0,0
f20bf90f-f6d3-4d63-820f-2833da4fa43f,132,0,0
b455431f-749e-4bb4-ac86-e9a4d59011df,69,70,2
2d43fedb-ebdc-463b-9732-b76e59b7c0b5,59,82,1
508f39a0-3e59-455d-8bec-022178bd0ebf,94,48,0
eadd601b-3e8c-455c-927a-1d828e19b1d0,0,135,0
7c342634-4483-4fd8-bc75-964526c7633a,116,0,0
0d9905d4-a222-4620-8d22-c347f4edf4c2,0,116,0
6c9cf3f8-ca38-4552-a0fb-35210ea299ba,0,132,0
eae0a22d-49c1-4903-a13c-c45c515f22f5,134,0,0
1e3fec1a-0bb4-4489-bb9c-a974d823b711,0,134,0
48427f11-3688-4565-97ee-8b899fa92878,137,0,0
8c4e43cd-1cae-4683-a27e-cfd648aa8370,139,0,0
d4f6b524-5801-432e-b94f-53e2dd564f4f,139,0,0
d0871040-3feb-444b-9ca3-57bc857337cd,0,136,0
0dbf64d9-e0d3-4324-adb2-f069ab54c9af,0,134,0
b10bd051-291c-45ec-bdb0-f61363f422be,135,0,0
01b20463-3539-4413-8a0d-98cdbbcf333b,137,0,0
ad705005-2267-4604-bd8e-741c8840f38b,0,134,0
3f26aab8-a98d-4238-a1a7-6c55b5c4ac1b,135,0,0
15e79347-e7ae-4066-97a1-e8265984c060,133,0,0
9d0df3a0-72d1-4629-ae15-6b9fa052b38e,133,0,0
dc6c79a3-5635-4657-9b0c-815a89ed327f,138,0,1
e99cb06c-9f00-4572-8cbb-0ec405abb4ee,139,0,0
1177b111-2648-4de0-9863-615bc4be8d3a,141,0,0
40318e30-1f69-4995-b600-812064cf36f5,0,141,0
a1611ffd-a656-4517-bcd4-c17653430699,139,0,0
d16c8490-219b-4b7d-a91b-b5995383f322,0,135,0
02d27c4f-2775-4109-8ef2-80d3d0cfeac2,136,0,0
fd2964e3-d9d2-4039-8def-13fe1a25c157,0,136,0
477635ef-9bec-4ae6-b527-76519ed16347,0,133,0
b6e7ee29-9eef-4e35-aed7-cf4bfc7e8d8c,0,122,0
e9ff43f0-0429-4598-ade8-10c5ea34e9c6,126,0,0
f09355b1-ee45-45d9-b772-97e19548fe1d,118,10,3
f0ed5ffe-5dd9-45a4-abfa-a8b77d8fc0ae,134,0,0
39f90bc7-007b-4545-8f63-2a84eb5236ba,134,0,0
f0c5ff65-bff5-4860-b70d-721972e9cde5,122,2,3
52335771-4dce-48f3-8d9a-2fdf8a9db176,1,130,0
e7fb1ac1-a648-4d15-bca5-a665c7f37343,138,0,0
3d8b4af5-4778-405d-bed3-8cdc943f9276,1,124,0
56ef7897-9cc0-438e-9301-d66a88f00a89,127,0,0
29174344-3943-4dcc-9b69-09b51b2c9fb9,0,132,0
fc1734d2-866e-456e-84df-0f729afffb22,128,0,0
870d6780-e325-4bf5-8970-f51812711c95,127,0,0
7f0ae944-a1d6-4c9a-b5f7-b7d94d5276ae,0,123,0
95953ea8-9b9e-436f-9fb7-608622499cba,0,123,0
2f43d13a-ab7a-49ba-b9f0-225285ba2324,133,0,0
d46b0a52-fa5d-47e9-b032-e8ad3a60c334,137,0,0
5f37b5c4-3abc-45b7-8d5b-e03f6f91c57a,130,0,0
2cb527ad-8f75-4d1d-ae7e-5cd4775bb506,137,0,0
fc7a08f1-9861-418b-9b86-eda33acf6533,130,8,0
d0032024-5523-4a18-9e68-622da93ccd6b,138,0,0
7daed0ed-1206-41ea-a688-b875820c012c,136,0,0
68bd6325-f33a-417a-b38b-559d3df0c742,1,106,0
ef5a3687-f4f5-414f-b15e-14a4c0125751,0,139,0
37ca9003-a608-455a-819c-817d4718dc98,0,139,0
09cb7478-cc7e-43a8-b658-fbd69f330c57,139,0,0
88f9d849-9978-4f93-a6a0-e2ddd10b44a8,128,0,0
0ea0b0a9-d7f1-47f3-bbbe-50cf32ecc7d8,131,3,0
20241590-9c89-40e6-9c79-32b2109eac9b,133,3,0
30ac35b0-c6f7-4427-93af-7105b5c9e0da,132,2,0
72c93488-1c73-4232-858f-5ae52220670c,125,0,0
f7482dcc-ecd8-4e3f-8138-ed77903efa45,140,0,0
fded42cc-62ce-44ec-9730-72582d996df8,144,0,0
50b408f0-2934-4ad4-8acc-713ae044a841,145,0,0
b238dcaf-7e6d-4432-b702-3340419cd332,142,3,1
10da77f0-03cf-4e5e-afc0-4d6232eb43b9,0,144,0
957b9994-d508-48ed-bdc0-6fd270f0d208,135,5,2
9b231d90-42dc-4ef3-bed1-afa678b61562,144,0,0
aa61c7d7-343b-4d2b-aed3-60f87ffbf02d,0,126,0
08266768-18f0-4d37-9169-b14667ebc719,0,126,0
19086aa8-7ae0-4512-bfbb-836b97acf580,126,0,0
73f6add9-2afa-4717-b5f9-f0e9fd7890ad,138,0,0
557c0b57-e3ee-45c4-b1e1-095318f5433d,139,0,0
58a2682d-2be2-4764-9b45-434f5f25e800,0,132,0
566fa315-5ea4-4181-a728-47fae9b70727,137,6,0
741d16ac-9b60-4421-b377-0d5daae55982,0,142,0
7a6825a3-1de8-43ff-bec3-b4dcb761398e,143,0,0
a6bb2394-73ac-4e36-ad09-5dec4b920703,141,0,0
933ab129-3bc0-4f98-a01b-2f224b8d6fcb,140,0,0
5b8e9b44-0b92-4e72-9863-0682665914bb,1,140,0
0f838e1d-314a-4ab1-81fc-143553552de7,126,11,4
e3a974a1-5d59-4993-bef6-b944d50315d1,0,140,0
bda8d482-8708-4438-891d-49fee1606837,0,136,0
78f446a2-a0df-44f4-86ce-efea17eedc5d,0,129,0
c0a65614-5bbc-43c2-8f60-d7fd92f722fe,130,9,4
50c22383-69df-41d1-aec0-a9cf12e70088,0,139,0
6782e7e4-3456-43e9-a3d7-4b3decd9bb97,0,142,0
9ed9b203-1553-4fb1-af56-1f4bb0f99718,0,138,0
6c4c017e-b880-47ab-96ae-3dc855097195,144,0,0
7eb02adf-eee1-4aa0-aaf8-ba5b4bebe667,143,0,0
b82bd944-7a86-418b-9c39-e63c64debf1a,0,130,0
4d5d38b5-8129-4d31-8a8a-a21d3a74580e,137,2,0
e7945a24-f49c-4bd3-878f-0d0fb83ff1b2,0,139,0
904821fb-0cc3-4891-ba09-62565f3d2746,146,0,0
995b5005-4a1a-446a-b2b3-8cfa44e1a9bd,0,139,0
540593a6-c294-4cda-8e85-f6312f02e5af,0,141,0
fc8631f3-dbab-44fe-8ced-74fcb01f1a46,0,139,0
99df318f-1255-429c-8550-dae493e445ed,145,0,0
32cf0d61-76c0-4f87-9a55-da9116ecbc6e,142,2,2
abb8925e-26f8-4c8e-b920-f42e4eacaf6f,0,139,0
af4230d0-dc54-4bde-9e1c-441184639d7d,122,0,0
3494d34a-73d7-4ea0-a9df-8ff1f151a05f,122,0,0
6855af46-9559-40e5-86c9-d296973d79e3,0,121,0
5c261b6b-c104-44cc-b26a-dc0209e4e685,115,0,0
43b1543b-5846-47c9-a7c9-1462b2d00df5,136,0,0
191f9e5b-abad-4680-9f61-54ca8f0377c3,129,9,3
9830ebcf-d273-4513-a582-2d0c71bee8ac,0,140,0
fbc8b6ca-3633-4f92-9f08-636996f083a1,141,0,0
d25f2198-be9f-44f5-9bef-327c9b38eeb9,0,140,0
79c2acd8-6114-4d99-b887-22495ff56ac0,0,140,0
e3ee82a7-3be9-47de-935d-fcbd6ad45a3a,147,0,0
d6f4729b-1870-47e5-b294-dbe074e12bbf,0,144,0
41b16c78-6569-4d22-9ae5-1523885c7cb4,0,145,0
ac2224e8-457f-45a0-ad79-12ea6a5f1e83,146,0,0
41b7a180-3d06-4a2d-8733-b2c27b3d3243,138,0,0
c533dd88-3f72-433c-982e-e028d9f31366,137,0,0
53e6d367-f402-44fb-9b5e-fc6d1853ffbc,141,0,1
28134c22-27f7-4d53-9a03-eb5d3b9e9fb7,138,0,1
a785f58b-32e7-4495-9bc7-488d0a0a16fe,0,143,0
430576c2-af58-4745-8eb5-3e42d088eab1,142,0,1
0316a4cf-47bc-494d-a599-eb9e57af3b73,141,0,3
c7ed74fd-1e3c-4353-bf03-9a33123c4621,0,144,0
fabecf7c-5dfa-4996-9fcf-49a5401b1b04,142,3,0
39ddd1ba-718a-432c-9b84-f716ac6a071f,144,0,0
17877663-06ad-4f6f-b55a-bb411e10798c,144,1,1
4efea18f-be80-4798-aa71-1972a35f1599,0,146,0
d1f850d9-ca92-41f5-8a80-bfce38362019,0,143,0
2a32c118-6020-4069-bf75-8c37a69d1413,0,138,0
f97d7f79-60c2-44c3-bc8f-edf65de0c75b,134,0,0
912d686a-b31e-4a7f-9905-aaf9bf0af117,133,3,1
3864f929-67ff-4402-85aa-807c33bb4fc7,132,4,0
6334f6df-d681-4cf7-b20f-e5317d6f6c65,130,3,0
2755c70b-8a96-4906-b106-a91cb9764fb9,132,9,3
fc2b4151-1cf1-4a9a-b9e9-21d41c196831,136,3,1
db30693c-b4d4-4ae2-9a5a-9b2dc15a92a3,131,8,2
239d0769-15a5-4f9b-bf35-92e81ffe7574,141,0,0
38072fb7-22d5-40a8-bd2e-e5215321ce0d,141,0,0
8cee3992-3df5-4e6f-8650-37c6d731ffb4,131,0,0
7d0dff30-917a-44a1-b20c-52cdc5a23514,0,130,0
8a8235ab-fe58-4c70-b8ac-162149b42719,137,10,2
32347f76-08fe-4ec4-849c-82f8a8c96892,0,149,0
f7c07f8b-4ccf-4d8f-9d0a-9cc5697395fe,0,149,0
29d64a25-0b95-4f2d-8b12-e85b10af9b20,140,0,1
86bbc835-0580-43f0-bfe8-546b9be44f17,145,1,0
45f87a1d-b8f8-4d88-bfa3-300ceadf87d5,145,1,0
df3cb545-5b34-4a18-8f1d-27a5ad8c321f,136,3,1
a17462f3-c917-46e0-90e2-4a61f86bbae3,130,11,0
b76dfbe7-d9eb-434f-9a80-28b185992d64,129,10,2
d86e032a-6d54-4672-b995-01500563ee34,124,15,2
76834d92-7bb2-4dde-8a33-27877c265e91,133,6,1
5f0b5364-4e5f-48c0-818d-286b23af973e,192,0,0
916aef55-d0a1-4c4c-8a28-d70f4f3895ae,170,6,2
d14f7c73-c1c5-4ec7-ab7a-65d41cb87219,175,5,1
c4389edc-f4fa-49d9-89d5-9cf518cad4a8,0,149,4
551c040f-1bb0-4c9b-9c92-ddce95688147,173,3,0
46ba8ee4-4b96-40ef-a771-ab5e64e058f9,180,0,0
d49e61fa-7525-4381-9240-ab43a5e2d56f,176,1,0
b92d26c7-8df1-4901-9965-42351fe9ad53,176,1,0
d2153db3-e9b3-4e09-8a18-a4ebface6b2f,1,166,3
459a7b8c-5a5a-452a-9762-79bbb418d19e,172,0,2
8d73a837-3aec-4bff-9cff-87beacd5d40e,154,3,13
e29b75b9-f15f-44ff-9068-bdf16cbf8362,154,29,1
d05a910d-a537-4201-afe4-581ea8ceafab,152,29,3
b5b59bef-4ea8-4cbb-bdb0-092ffb912840,182,3,0
5e0c08db-26dc-4f1c-a18f-852378e72238,3,178,4
bce821d5-e25b-468a-a10e-6cfeb54b089a,181,3,1
5c6cd3a6-7814-45b9-b939-202eb9d65d44,167,3,1
7a22bd94-53fa-4b3a-972f-521ce22b61ac,2,178,4
fb2c83a2-f1b3-487e-bbc8-ecd6413423e3,1,180,4
b4b2f893-143d-45e9-96d6-242bad149ef3,0,180,3
1c44de22-4036-4150-88d4-c5ce1fb4542a,152,32,1
601ef6f6-cd12-4ffe-b1e7-0e81331faecf,163,9,0
2946e172-523b-4612-9bbc-572bbdc28074,167,8,0
6d3d9a35-dee4-43d6-a6ff-9175429c4de3,166,5,0
b3c598fc-f221-41e5-997e-8bff9f8df7b2,0,173,0
798ee713-ae3a-4ba0-b0a7-2300ca60056c,0,175,0
743e7c21-b0f5-423e-980a-3b1c72b4b729,139,18,10
ab102d7c-526d-4de8-b346-7f1507622236,138,25,4
0d26b1d7-7841-4936-8907-5c4343e5e84f,0,170,0
479219a5-818d-4052-8aa6-dd095a608b1a,0,169,0
cb085fb4-fa87-4c20-a067-5424b7de07ac,172,0,0
72345f31-303e-45f0-8907-20a2646511c7,0,167,0
a9aa5843-ebdb-49dd-b458-2f12f9ea4b59,168,12,0
42bb88a8-4794-4605-bda1-f9883ff310d5,174,7,1
b3fecd3e-381c-413d-b50b-51844e7c39bb,156,0,2
db86a8f0-ea2f-4656-9de3-3b8591bcfa31,167,0,0
ad0f84d3-3153-42bb-a0c9-b03acd2b9502,169,0,1
ee1abef7-d5e4-4645-8633-4a05763cc6b6,175,0,0
f8948b9b-d584-4748-8305-73c8fb410f95,165,16,0
f8b30502-b145-4327-93d3-698b1d3a11a5,181,1,1
1d63177a-f525-4b90-a4e4-12f5b540912a,183,1,1
bff82117-c899-4dff-a72c-5ea813af98c1,182,0,2
2b160cfb-0842-4dca-9e6b-45771839aff0,163,0,0
d6b741c6-294f-4a04-b0d9-cd988885b207,167,0,1
c60aa28c-149d-4dd7-997b-ac17f73440ec,176,0,0
8cfe2fc4-7344-4ede-9720-4470944addbe,184,0,0
abdfec6e-ecda-460e-9c76-6152d586fedc,103,70,3
f691c6f6-c29e-4e38-a5a9-36f1ecba2c3c,156,27,1
7d7d81db-fcd6-42e7-9c6e-834653c919fe,181,0,2
5253d0c2-0e8d-49dc-90b4-7beb07ee23b7,77,96,4
f1d5d6a7-4a7a-4bc0-bdaf-875e2d8fa086,95,81,3
d0fa83e2-1f95-4357-a1a6-2ec3642a595b,49,125,4
6064dd14-bf67-40ff-8b04-ad6ef696a0a5,175,0,0
cd860fa7-71d7-466d-9608-b8fdd6c6eaa9,176,0,0
808426f8-62de-4fc4-ab79-803af75cf42e,158,11,1
c25b7930-839c-4398-b1d0-7576460f52c4,0,175,8
a9c54c58-32d9-4143-90df-369a5af77310,165,6,12
ecd7a347-0d67-4302-831e-5300d1d09624,0,176,8
4c9c0a55-eece-4e85-b8db-e2d7cff12d5e,168,3,5
c8d79974-b53b-49d1-b3a4-8e2adbb01e8a,170,4,1
bcfc0912-6335-4c0d-a916-1052d1eb8a91,184,1,0
1c6cf4d4-fd1d-4016-a035-9fe9a1f09c69,185,0,0
66b591b8-5ba7-42d1-a14c-e6274de5b358,183,1,1
8f9051e5-69e5-4727-bbed-b067c744fa04,176,0,5
dc4452b5-b57f-423d-ac73-6887557183e1,181,2,3
0209a46b-2576-42dc-91f4-75d5919dc1db,0,180,0
1f17c396-52b4-4203-b1d9-8a94694894a0,175,6,2
2fad704a-50b4-47d5-a8cf-d040441f3127,180,3,1
7abd74f3-1740-4660-a2f8-92bf3b1e2d29,146,22,3
982969ef-a92b-42b8-808e-8805d1ade064,166,6,1
16b4e2e4-9980-4998-9f68-e7c10f71a736,168,4,2
0362b2b4-8312-4515-adce-b6d4aa84afce,175,0,2
67efee0d-1e79-4f93-916b-9ac61a256bc2,0,170,0
8672d1b0-ce0b-43fa-aefd-44694e04b4c0,0,171,0
a5b2086d-458c-4e9d-b616-f9009694c6b1,154,1,26
9853a8f5-1004-45c3-a98c-ebe918368749,1,141,40
43f72dcd-09e4-4597-b0c0-3b2ba8ac872d,182,0,0
a12f2f98-a900-48fc-b11d-5cd9a2ef6587,172,6,1
65d41c5c-cd9a-469f-8623-55284ad3ed0b,0,170,0
51d7a019-23b7-4ab7-a396-c552ac7e143e,1,170,3
752b82a2-1ad6-4fa0-af65-f68656af2492,142,30,4
c1286cf1-ce7e-4f94-af3f-44ca9102d68d,141,31,5
922be290-6013-4d2f-ab1c-efcaa06a2140,1,179,0
c95131b0-026b-456d-9c27-097402c4c867,0,180,0
fa32a9a4-effb-4c14-bd6b-fdc9fc20953f,163,8,3
7873f1e6-17a7-4ddf-9d50-40f7fdf8f527,157,14,1
88eb8e94-9770-48e7-87c6-308df506097e,162,17,1
e00605a6-6527-4ee9-8fe7-e95da12d81c1,167,12,1
62bfe520-92fe-425e-ba3c-396c528462a5,153,28,3
70e8e0d1-6bab-4306-997c-a23656efb72f,0,178,3
234421a2-cb28-4609-bbc5-a9e64bcfe74e,0,174,0
4a539bc2-e70c-47a9-bd62-08220455ba11,176,0,0
00af4d58-ba21-40de-8da8-f1adc40030d3,1,177,0
2f49c78c-dad6-4cad-b738-9cf52acad551,175,0,0
6d02c7a5-72ba-4595-bd9d-a21c46529d48,173,1,2
98865122-c6c2-47df-a501-a26f1286b097,171,1,2
56f6a727-9787-44e7-8fba-1d4549b8181e,77,109,0
db0d39cf-106f-451f-a583-eb4dd846965b,168,5,0
d0f777e4-fae8-4e63-bf70-8fca8c4ce46d,172,0,0
34a6375f-88e5-44ee-b088-426b06c882cd,170,0,0
017fbb76-5f9b-4cf4-b080-d63d6a992cd2,129,43,7
ca3f843c-5289-4666-bb2a-c9579869d1df,173,1,8
1a818ca1-3fe5-4dd1-b38f-5fa06bf9c259,182,0,0
62e5d1ee-a188-47c5-98f5-63245cca920e,173,2,6
8a9d9575-2b25-4a20-a9a1-01554d067909,172,7,3
2c24500c-819e-4263-b5a9-d69959a03777,175,1,5
daf44adb-f1b4-4737-aa48-2fe4175b5999,142,0,0
5db0ac76-3acf-4490-903f-ffbc0ecd33e9,165,1,0
b20d7c2d-b16a-4b90-aa13-96a052ed452f,167,0,0
7ab01728-5be8-4342-bbd4-96341cf5a42d,162,4,2
13817b78-ffb7-4d78-9e6e-05aba2e3b306,173,4,0
3193c204-802c-433e-a23f-15b03c79bc6e,1,178,0
99a841af-5bbc-4f1a-9e06-401b2db748f6,1,178,0
60c500e8-c130-41bc-90a3-ceb3ec6dca6d,175,4,0
56ed81e4-aca3-4938-9470-d7bb8e98fd3f,177,1,2
f749373f-2a67-4d3c-9b9b-ff6c4b95513e,178,1,2
f8647df3-97f0-41a6-a3d8-a3da6cffe09b,0,183,1
486bad97-87bc-49ce-8fab-bb1b40bfda1f,5,175,3
5ef88bca-e9ab-4055-af86-9742876d1ae9,5,176,3
7b7a0658-4eb7-4c95-af39-6fcf52352c2c,2,180,2
2de5db11-935c-4797-9fbf-b5ef55296a57,173,6,1
a76320d2-e8f2-4691-970a-e969a0f93c4e,171,5,2
c16579e7-12af-420e-8e08-e09679ffe88c,176,2,2
c3f35289-e610-4c53-9294-9c3362691354,1,176,2
e9162d6c-8149-4bd9-9d30-b988d2159e69,175,1,3
a1a477ef-b0ea-46d8-9e6d-dc3367dfc4c0,174,2,2
bbbaef08-846a-42d6-85d6-2b27259e23c3,170,8,1
2fa74ab6-7cc1-4b6c-b724-4ad92ec8ef4a,148,0,0
a9a94ae0-db82-404a-8b10-e79445d1bb1c,0,148,0
d67dc1ed-bf10-451b-a4c7-00e501f06860,155,0,12
ef8b11f6-f148-443d-aa51-b621ff20251c,0,166,1
be7dbf54-db4d-4176-8b12-936103490d82,152,11,6
d29b4469-4d0d-4d8a-9e94-6bdb0cfffae7,0,168,1
e1ca83b0-c906-49c2-b063-0a38e090f463,0,168,1
81c68a40-af4d-437f-a154-7399e33be8d1,172,0,0
2bd4a356-d998-4ccd-993d-3139384ec135,169,5,2
88621c9a-560f-43d4-b45e-604942c254c3,0,177,0
3dd1c343-c33a-4d36-b1c6-bb99759a74e1,0,179,0
ce5fd54c-d69c-42cd-a66e-1023a3edff7e,178,0,0
ef0e2f49-68da-422f-93ea-9a9935431415,170,4,1
66d7a6de-74b0-473e-993b-ef495aaaea4e,165,8,2
3a3061b2-1c06-48e8-8616-b5676c381f66,162,12,1
0e928d60-2b31-48a0-ae7d-251eedb0a363,167,12,3
4ebbbc48-556e-4b43-b7b5-fd32c78329b1,168,13,1
e28a5063-1b69-41a9-965e-763d3f4e39db,176,0,0
32008c6d-19b5-4b19-afa0-eb9507e09cd4,0,175,0
43b8e1e4-a2e2-4411-afa7-d859276470c2,1,178,1
040f4e28-c4ff-41fc-a313-7a313f460443,179,0,1
5fda9481-2eca-41e7-a708-9c354201eae0,185,0,0
e1c6c149-09d0-4814-9f63-f1fe8f5e190a,177,1,2
31438029-714d-49fb-b09f-318cd3668990,177,1,3
e23e2c84-8d34-4fe9-b3d0-a7f0ee64e5aa,182,0,0
52d64e04-16f6-4c50-8427-137b5f178d11,0,180,0
d39ce2ef-e118-4dc5-998c-a065cad982d2,0,181,0
98bbc6b3-1671-404c-aa48-bab269b10b32,0,182,0
72f80a23-4573-472d-855f-9c4a44bac48b,0,182,0
4c83d0fe-f76b-4cee-ba6e-09d9f5035847,183,0,0
1a7d3844-b425-470a-9d9c-924be4a97393,0,182,0
98262d8e-4ea3-401d-9f07-7c5181022f40,0,183,0
2640b514-eba9-4c44-ba28-ff2e41e3fb1e,0,179,0
57f4fcf0-344b-44d8-999f-ee4aa29458a9,0,179,0
eb13bc97-8fe5-4994-aeb1-faafb5763cee,0,176,0
38b94c6c-8d2e-4645-896e-95caab581eb5,0,179,0
7c73e383-50d7-4da2-b7a2-d48392dfb26b,0,187,0
1157c16e-c2b9-49ef-8982-9062553c90e1,174,2,0
c66ea23f-7449-49fd-8ec4-9121254685a2,0,172,1
f1fe9c76-79d9-46d2-94f1-20b780de3524,0,176,1
311ea2d3-1d97-4fe8-8907-1f1626387dbf,166,0,0
6824e2d4-fcc7-4133-a215-c2adec818bd2,183,0,0
2363ae20-d515-465b-8e11-0e9251af9adf,0,179,0
08f152c5-9898-427a-9981-3e438584ed11,179,0,0
23e66d6b-28cc-4747-976b-2271e635589e,1,181,0
f189f4fa-a8c3-4a05-83f6-5d5bedee1799,188,0,0
89ffc414-60f0-408d-a9f9-0538be9a13cc,0,187,0
bceddab0-7f8d-4c7a-8604-43e691e9581c,171,0,1
f08970ed-f0bb-4359-ae47-79d116ec043e,1,180,0
56eebe0d-e102-42c5-8ae9-465488d97f77,179,1,3
7a893fc9-1e59-492a-a2c2-661816cbee57,1,177,1
79c722dc-a428-4b69-a843-5b12942d21dd,174,1,5
439c3c96-bfc2-4dd5-80a9-127ad9d75f4b,1,183,0
bbc85195-3288-4846-a394-0841b3bb6a69,1,182,1
9ff9d05c-79ca-45ea-97b2-b091accccef8,0,163,4
38f91702-9930-4d3a-8bb5-56f98ad4832e,170,7,1
2b4a7ea4-6d22-485b-9c14-4fcdd6555340,170,4,2
2c3e4f14-4c2f-4c6b-96f4-ec85c4e75aab,180,0,0
3e50b5d0-b135-4698-b1ac-443e2a51d360,180,2,2
7d78536d-4fc5-4368-b49e-b5c4a452cf7f,178,0,0
8977c5ac-a4a5-4644-9b72-e2d35cc830cf,0,178,0
7e8f9680-c861-46db-a184-577180a3d477,0,177,0
76a66f82-2dd6-4b4d-a9ec-46ef1f26039a,0,178,0
bdba584e-5622-4418-98d9-2e8390b5e4b0,170,0,0
b9e7309f-82ce-42be-9d9c-ec31f4d42a59,1,170,1
8f0b2b2b-5274-4fa4-90ca-ff03f2d34bc9,4,149,18
84bae5dc-c0ca-460c-ab3e-4abbb6390d9c,165,8,1
2a4cc901-c49c-4dc4-8c73-52650265e576,2,168,2
4ce1f800-c18b-494d-b720-e9cb4721973c,173,0,0
821d3a95-2700-4de9-b58c-79f41aec7e7f,0,162,1
478b972a-bda2-4c84-a0c7-4d5d1426a0c4,169,3,1
067f7724-d833-4c74-958b-4e9a129bc3e8,175,0,1
5b3a706c-2b14-43d4-b9d4-322a24c0fb0b,175,0,0
78b7bdd0-c974-43df-bc0a-10b10a7764ef,0,174,0
e950e14d-1a27-4c79-bae2-b81bf16a33a0,168,6,2
192aa418-41cf-4492-91a9-ce654931785e,171,0,5
eb20d981-bcea-43c8-aaba-4ef7d29cfebd,178,0,0
de932664-38eb-4cee-bc65-0fe7c2e40385,171,3,3
43439f5c-b62b-47a4-90af-477610774651,161,16,3
9e9b11da-0bd1-4e8a-b5a3-d1268d4f025e,172,4,1
991980cc-be1b-43d6-8b41-22fe0fe2a75e,160,0,15
a0a2c7b9-8502-4c51-abcd-ce67fd402982,168,0,2
519102f2-6110-4a57-ade6-76f58b18c8ef,181,0,2
fe7db3bc-055c-4964-865a-a7aa04c28faf,166,9,6
2341090d-a8dd-41e1-9d6a-ca79515ca586,170,8,3
e4792443-66c1-4c00-bc61-73bee8f2ff35,117,0,0
215969ef-0d66-4388-8dbd-8b723342213d,134,0,0
6f5fa618-db26-4ae2-8a56-433e90b7e401,133,0,0
da06b87e-6a3f-4573-b382-c6fbac8313bc,133,0,0
9a07e9ac-580b-438c-a0cb-56e61f0d4cc2,131,0,2
53034ed2-6f36-46eb-ad31-770052df1e6f,129,3,3
44b74755-d9ce-42b4-b3a6-75ffbba18ec5,1,0,132
f0579486-4aae-401f-9486-cd1fd1646cc1,129,6,0
bc4dfa11-7ff0-44e7-9de2-3daafa12f306,137,0,0
5bc25105-049b-4c98-ba0c-8b9763214f24,138,0,0
8750f64d-3bc8-4d0e-b625-d90fcd90cc52,122,0,0
48dac7d0-4e2c-4f03-ac83-a75c87de622e,129,0,0
a3efb95e-4ee1-46ec-b8c2-104b192cbf14,129,0,2
2b7ab565-bede-43c3-9fdb-50c783631b5c,0,96,0
62b54b97-74d0-4b55-832f-71d5db8ccd4f,0,136,0
b0b89b46-d1da-4ae8-87a2-3c1e2ff9a1a3,135,0,0
5ff38f1f-3b46-485c-b7b6-a413b723ec71,2,134,0
39ef566d-9a22-4336-9372-62aae44c4e67,0,2,138
b9369ada-6469-4caf-8e51-59556c8df371,137,0,3
edd7379f-ccfc-4f7a-a8c9-35cf20caf5dc,0,131,0
d1a9f798-9a0e-4783-bcfb-8721d7d77f91,131,0,0
2c1a43c3-027b-4545-9b26-9dbf09c4adc2,141,0,0
f6739e0f-333b-4af0-a369-a36d4e86e4fc,128,5,3
cbaba91a-7a98-4621-9858-c5cba0eecf77,119,13,10
8a590447-cc23-426f-8555-6c001bc5e0a1,122,10,10
19aa5c8f-a286-4b34-87d8-3427d48e7d16,132,6,3
f640478d-05fd-4fe2-908a-df8510f224c6,0,117,0
1ffef0ad-ab20-492c-bb4c-a663ef3636c9,1,2,109
d8e950e6-4f9f-490c-a3ee-038a783ad37d,111,0,2
68594353-080b-4352-9854-42c8a80d5a3c,0,120,1
dbef6546-256d-4e11-b7be-dd912bc046ba,123,2,2
85e04018-3027-4ff4-9f20-4485a63a8740,121,0,0
1f22faf3-456d-4a82-b6e0-28a089f9f6c7,0,1,120
522c736c-ca53-43df-9743-054130954d70,0,126,0
e3bc1b43-2862-48bd-ba6f-8689aa632f0b,123,2,2
572464da-d736-4404-94c9-879998a812d5,108,18,7
68bb3beb-ae1d-4df4-af51-823a2b346056,131,0,0
9f1abf86-dac5-4c58-92c8-e3df1beecf6c,110,15,3
088fa984-9185-49f8-9066-78bd547868ab,104,0,0
0a6f96ae-f7ab-492b-be02-8f58dc690b93,104,0,0
a02cab26-9803-4517-836a-43ff88970b65,131,0,0
f354e9b5-4585-40af-a1ad-8bfc62236f32,0,128,1
ebc24e47-7100-4cdc-9e09-f18dcfb9eddc,2,127,0
f78202c9-8e5d-41d6-b133-7a6a7c90642d,0,132,0
318fbfcf-adf2-4ed6-a05e-296e820ec1e0,32,92,13
34cedfa4-f45c-458c-b6c4-2302f8eeef23,96,25,16
f0d6ee22-1efe-41e8-b1ce-82fc7a3cf170,89,32,16
777be561-fe42-4ddc-a41c-5bbe4b42de12,11,81,45
bcc455a2-e727-44de-bdce-e8c6f2234d1e,99,21,17
d011250f-4fdd-4c6b-a3b6-a9dde534904c,111,11,9
a10d7da9-f1fc-44cd-861a-e151e86004fb,132,0,0
09f3b114-7ef9-4cd4-ae2d-93a09ba910ff,0,125,11
ef3a1c4d-cfdf-47fe-aaa6-78117142e03c,0,133,0
64b2f352-e716-49fc-9904-625d95e82588,135,0,0
cb3c5bdd-e07f-4d6e-b609-932fe17281c2,123,0,0
fd006ae3-6214-4e8d-88aa-822e928214fa,0,134,0
be74761c-a882-4b69-bd26-0907f1ef5e9d,112,0,0
63411223-63be-43ca-8fb9-20a1179a7d90,0,141,0
684d23e3-6c81-42c3-9a46-d495bdf4b188,124,0,0
40dcc86a-ec9e-4e25-940d-c5a576147fe1,124,0,0
b089230c-cbab-4533-af1e-c5b78c8d7044,1,1,123
98e5cd44-11eb-43ae-b9ce-7005dfafd625,0,132,1
ea6b9a48-c715-4692-b353-d018212937d1,0,134,0
1c4eb614-2181-4d9f-9bea-de95c3e829cb,0,122,0
